Фамилия;Имя;Отчетсво;Логин;Пароль;Роль;Дата рождения;Номер телефона;;;;;;
Астафьев;Юрий;Владимирович;loginspYrbnLw;|7s\lH;1;1998-03-05;+7(057)075-62-76;;;;;;
Дроздова;Анна;Матвеевна;loginldoGOEoz;(/Gc9d;2;1979-04-05;+7(426)316-69-21;;;;;;
Леонова;Василиса;Лукинична;loginRhtTWOUL;KhYb+6;3;1990-12-17;+7(285)107-20-46;;;;;;
Королева;Арина;Константиновна;logingcncrrVt;0s9B?3;1;1994-08-05;+7(141)494-93-76;;;;;;
Логинов;Леонид;Ильич;loginDzvxLMSh;qmv8Y';2;1994-01-30;+7(076)760-92-28;;;;;;
Рябова;Дарина;Владимировна;loginCYQDuzaQ;Hh!D5o;2;1999-06-27;+7(279)849-06-08;;;;;;
Лебедев;Матвей;Васильевич;loginzomMHdGF;s9Y[\o;2;2000-12-26;+7(962)396-40-31;;;;;;
Петров;Сергей;Николаевич;loginGuWCekZh;7>jA0Q;2;1992-10-17;+7(072)606-68-69;;;;;;
Беляева;Варвара;Марковна;loginOVzEPXBU;\2^Kto;3;1994-03-18;+7(086)579-87-37;;;;;;
Попова;Анна;Леонидовна;loginhipKwVOG;S+48Pi;3;1998-01-04;+7(787)680-41-50;;;;;;
Прохорова;Светлана;Ярославовна;loginnwlwfWJV;)1gI2A;2;1974-02-08;+7(177)868-94-56;;;;;;
Соколов;Даниил;Николаевич;loginOVeNFjgE;"4n;Xi9";2;1986-07-11;+7(133)067-44-52;;;;;;
Жукова;Екатерина;Макаровна;loginyOKpgezQ;5Y~LTp;3;1981-12-13;+7(104)296-41-35;;;;;;
Наумова;Екатерина;Марковна;loginUESqWqzL;3ND`fZ;2;1983-12-30;+7(074)505-91-83;;;;;;
Лаптев;Святослав;Владиславович;loginaMJsWdgM;5+P('m;3;1978-10-09;+7(970)343-68-57;;;;;;
Маркова;Арина;Вячеславовна;loginvuGEXFKp;(&`4Ae;2;1985-06-14;+7(269)843-20-33;;;;;;
Мальцева;Ангелина;Степановна;loginUxkGoPcU;"ra3H;i";3;1985-06-21;+7(285)876-18-61;;;;;;
Медведева;Мила;Святославовна;loginnWgEsPpe;3b$)^Q;1;1971-08-18;+7(006)637-83-97;;;;;;
Шевелева;Алиса;Михайловна;loginTVsxpeMc;3)5tvU;2;1997-01-06;+7(306)392-88-06;;;;;;
Лебедев;Василий;Артёмович;loginYabOqmdv;y3B:0f;3;1986-04-18;+7(141)119-28-48;;;;;;
Колпакова;Маргарита;Ивановна;loginGKqwoMPE;js>6iA;2;1984-05-04;+7(170)152-45-11;;;;;;
Соколова;Варвара;Адамовна;loginGJKRiwnt;DbtN3:;3;1970-05-13;+7(413)195-24-65;;;;;;
Кожевников;Сергей;Елисеевич;loginVsnulXby;Bb3}?J;1;1977-04-09;+7(857)068-24-33;;;;;;
Богданова;Мария;Макаровна;loginFMAnHFef;lau0~F;3;1986-06-12;+7(586)311-54-16;;;;;;
Голубев;Матвей;Маркович;loginjTqOFkyy;/Sn{1(;3;1995-05-11;+7(798)532-01-90;;;;;;
Александрова;София;Александровна;loginCHyWIOlj;]r%&P8;3;1995-09-04;+7(720)164-53-59;;;;;;
Коротков;Глеб;Александрович;loginSIkLHbby;J3E}tH;2;2001-04-01;+7(640)145-02-95;;;;;;
Журавлева;Варвара;Владимировна;loginvcoLQQkN;=7@R&s;3;1983-01-13;+7(261)699-89-60;;;;;;
Тихомиров;Всеволод;Русланович;loginBdKnwxIN;DO6qK[;2;1986-08-25;+7(166)530-51-19;;;;;;
Кузин;Никита;Андреевич;loginvSwgUUih;0B7@ac;2;1974-12-05;+7(227)947-11-40;;;;;;
Соболев;Илья;Егорович;loginisNXixEd;"Z{;`6n";3;1971-10-19;+7(203)368-97-45;;;;;;
Смирнов;Фёдор;Иванович;loginpTETxfiz;r!oY9L;2;1987-09-28;+7(735)978-70-04;;;;;;
Федоров;Егор;Львович;loginsMOeqMWQ;Rfd6'J;1;1995-11-01;+7(027)315-44-61;;;;;;
Петров;Александр;Платонович;loginQHLLmkPO;\(7Xgc;2;1982-01-23;+7(070)232-81-26;;;;;;
Богданова;Вероника;Александровна;loginRwzAWqja;7Q(g8V;2;1980-08-20;+7(964)096-84-90;;;;;;
Егорова;Элина;Степановна;loginWVlnNcct;OB9A~t;2;1973-10-10;+7(395)539-50-09;;;;;;
Смирнов;Лука;Романович;loginvusfELtV;8ENXz!;3;1981-07-17;+7(327)557-44-35;;;;;;
Никонова;Мария;Андреевна;loginMGeaHwxR;#FPQd0;2;1994-06-13;+7(764)335-37-00;;;;;;
Старикова;Диана;Артёмовна;loginZWWWaLcM;.Zp`8f;1;1974-01-23;+7(440)507-84-99;;;;;;
Исакова;Юлия;Павловна;loginenJEiQfp;1mZBe&;2;1987-06-04;+7(449)098-67-30;;;;;;
Руднева;Оливия;Сергеевна;loginidXkPJEx;@1DuPH;2;1978-08-26;+7(668)366-51-63;;;;;;
Кириллов;Иван;Артёмович;loginHKUeAiwB;N=du[5;2;1998-05-09;+7(704)041-51-65;;;;;;
Иванов;Эрик;Иванович;loginFdVBaklR;}aM^Y2;3;1980-08-06;+7(664)224-33-19;;;;;;
Ушакова;Анна;Павловна;loginKkgzMnnI;*AZw\0;2;1980-12-01;+7(550)144-94-91;;;;;;
Харитонов;Дмитрий;Владимирович;loginhLnuFXRr;!C46nq;2;1973-12-18;+7(430)058-69-09;;;;;;
Миронов;Фёдор;Матвеевич;loginXPhXgGEx;"O[8h;y";2;2002-11-03;+7(543)635-10-02;;;;;;
Коновалова;Екатерина;Михайловна;loginOUOyKWKd;Dor5:U;1;1990-01-09;+7(621)226-66-62;;;;;;
Горшкова;Эмилия;Семёновна;loginBwsFEXQF;)5HfU\;2;1980-09-03;+7(113)124-65-03;;;;;;
Васильев;Артур;Вячеславович;loginIuXYFJAr;>St*n3;1;1983-08-13;+7(545)773-98-42;;;;;;
Семенов;Руслан;Миронович;loginUiTtFkpE;*$8s^N;3;1984-09-06;+7(078)603-81-60;;;;;;
